Question,Answer
What services does ARKTIK provide?,"ARKTIK provides AI-powered services in security (ARKTIKBlockparty), concierge (ARKTIK Concierge), property management (ARKTIKTurf), and media production."
How do I book an appointment with ARKTIK Concierge?,"You can book an appointment via the ARKTIK Concierge app by selecting a service, choosing a time slot, and confirming the booking."
What are the core technologies used by ARKTIK?,"ARKTIK utilizes AI, blockchain, IPFS, cloud computing (Google Cloud and Azure), and machine learning models to deliver services."
How does ARKTIK ensure data security?,"ARKTIK uses AES-256 encryption, TLS 1.3 for data transmission, and complies with GDPR, HIPAA, and SOC 2 standards to ensure security."
Can I request a custom service or package?,"Yes, ARKTIK offers custom packages tailored to individual and business needs. You can request a custom service by contacting our team."
How do I access ARKTIK's media production services?,You can access media production services by contacting us directly via email or phone to discuss your project requirements.
What is ARKTIKBlockparty and how does it work?,"ARKTIKBlockparty is an AI-powered security system that provides real-time monitoring, threat detection, and secure data storage using blockchain."
How does ARKTIK use AI to improve services?,"AI is used for customer support automation, predictive analytics, and operational optimizations to deliver faster, more accurate services."
What industries does ARKTIK serve?,"ARKTIK serves industries including retail, healthcare, education, religious organizations, and property management (HOAs and apartment complexes)."
How do I contact ARKTIK customer support?,You can contact ARKTIK customer support via email at mediarelations@arktikinitiative.org or through the app's support section.
